firstname,lastname
Sharlene,Fillbert
Mady,Azeria
Leeanne,Hull
Alyssa,Rese
Kelly,Beebe
Clarice,Connelly
Winny,Aloise
Heida,Robertson
Gerianna,Marijo
Maisey,Marisa
Natka,Pyle
Alia,Papageno
Lenna,Lorain
Raf,Bivins
Christy,Astra
Anica,Stanwood
Rosabelle,Alwin
Leontine,Hertzfeld
Leona,Kirstin
Sidoney,Gower
Raf,Dreda
Gretal,Eben
Cathyleen,Viddah
Evita,Jaylene
Ofilia,Vorster
Tiffie,Kress
Ann-Marie,Argus
Millie,Brandice
Sheelagh,Zitvaa
Sophia,Penelopa
Jere,MacIntosh
Chastity,Philoo
Estell,Duwalt
Phedra,Duwalt
Ofilia,Belanger
Evita,Whiffen
Thalia,Arathorn
Phylis,Mandler
Gretal,Tomasina
Maridel,Couture
Trudie,Cornelia
Marleah,Adrienne
Beatriz,Heidt
Edith,Sacken
Cristine,Adamsen
Rozele,Nunci
Carmencita,Berard
Phedra,Carolin
Lily,Barrus
Melanie,Aloise
Tabbatha,Chick
Katleen,Devlen
Elmira,Odell
Lesly,Weinreb
Marcy,Judye
Kylynn,Truc
Lory,Greyson
Renie,Frendel
Nickie,Robertson
Dorice,Dosia
Millie,Delp
Tami,Tacye
Gerianna,Hollingsworth
Danny,Malanie
Marjie,Medrek
Estell,Ammann
Lorie,Ehrman
Alex,Ricarda
Lorne,Haldas
Deane,Pernick
Clary,Ehrman
Millie,Ashely
Mureil,Cristi
Alisha,Fancie
Jere,Stoller
Devina,Egbert
Marjie,Merat
Leeanne,Hedve
Farrah,Bronk
Coral,Amand
Emylee,Vittoria
Ardenia,Alrich
Zsa Zsa,Jethro
Raquela,Waite
Janey,Merell
Talya,Alcott
Heida,Dominy
Ginnie,Heisel
Cathie,Jotham
Kylynn,Lutero
Ulrike,Kalinda
Genevra,Haerr
Alie,Skell
Wilma,Lalitta
Donetta,Karna
Adele,Concha
Emma,Thornburg
Courtnay,Hilbert
Leanna,Junie
Brena,Herrera
Averyl,Constancy
Monika,Buckler
Nerta,Toffic
Wileen,Bibi
Molli,Karylin
Belinda,Ade
Etta,Sibyls
Nickie,Cornelia
Aimil,Teddman
Ebonee,Havens
Alie,Charity
Chastity,Noelyn
Elvira,Chobot
Caressa,Eldrid
Nananne,Chapland
Roxane,Modie
Margarette,Abram
Catrina,Fennessy
Devina,Giff
Jackie,Hebner
Larine,Dorcy
Adore,O'Rourke
Katharina,Rubie
Kaia,Zitvaa
Bobbi,Kaete
Sam,Tristram
Dominga,Fabiola
Alex,Ackerley
Demetris,Longfellow
Marnia,Lane
Brena,Konyn
Hollie,Destinee
Winny,Burnside
Renae,Hachmin
Sallie,Herrera
Minne,Erb
Kimberley,Gaynor
Kore,An
Brietta,Tatianas
Hope,Zamora
Selma,Haldas
Bill,Chinua
Teriann,Roche
Karena,Nedrud
Claudina,Elisha
Vere,Rogerio
Alyda,Ailyn
Barbara,Brian
Cassondra,Denis
Allyce,Breed